evolution$generation,growthRate,gravityWeight,gravityGamma,gravityDecay,nwThreshold,nwExponent,nwGmax,logmsepop,logmsedist
15,0.0708049272475416,9.651861241225337E-4,6.02614846537471,819.7055903564606,0.7036384969069298,7.128949812562056,0.14306843970581565,32.55937488359354,22.86774671420534
15,0.1861099772931664,0.014020970830032868,7.241228200710102,786.1854138109271,0.8731951456412528,9.668017222044355,0.1391183252152461,40.20854443302465,22.867635190916502
15,0.04593008146746849,1.0595857443658531E-4,1.9568133944148636,859.6992609989934,0.14775137955231643,8.550585509786448,0.03650420302005366,30.353561902979486,22.86784063516403
15,0.08577118657795038,0.02519726633291677,3.0376307857421025,443.04538217988113,0.8133401121302488,4.427723143240063,0.19166789122287853,41.91563241477453,22.867612486559853
15,0.038282739178033244,0.0018654820856950705,4.464843032457776,805.5499186895156,0.5614576553733386,7.564107300593993,0.1493015219282451,32.15776246426791,22.867793276583427
