evolution$generation,growthRate,gravityWeight,gravityGamma,gravityDecay,nwThreshold,nwExponent,nwGmax,logmsepop,logmsedist
787,0.12227784873903716,0.0032097391052776144,0.1,635.2222276409518,8.904029483541413,1.2652386061408887,0.2,26.96277771250796,20.509879135179123
787,0.19997893860292287,0.002702803906727618,0.13135094153574495,309.74591862365475,0.38136014203484514,3.2448298339866093,0.014863772603236068,27.01067334094067,20.509640682600423
787,0.2,0.002763687081252524,0.11656044616025919,309.2978152317234,0.3712710386052285,3.242088232899008,0.014881135998659848,27.00297181620963,20.509640707241104
787,0.18710271267391948,0.002680931860270953,0.1,410.5275205302551,6.8573342707238965,5.820583207261011,0.0,27.0241529005488,20.50961658987863
787,0.1998098976581958,0.0032999800192619133,0.1,687.9965433073304,8.404415761063602,3.7210305087497577,0.19090372519069376,26.965523025435516,20.509871487063467
787,0.146692101962983,0.0031940313257811117,0.1,571.0216687944666,7.925293437288024,0.1,0.18822877678537553,26.966465215324103,20.509695074722725
787,0.13537984125709676,0.0031690222463945012,0.1,570.3891616650217,7.9628975624009755,0.1,0.19692294519874284,26.965590196486218,20.509696271225557
