evolution$generation,growthRate,gravityWeight,gravityGamma,gravityDecay,nwThreshold,nwExponent,nwGmax,logmsepop,logmsedist
2151,0.08681813612378514,0.006492780185505045,0.1,817.0612036185975,2.7853272171269725,9.225698627374282,0.0530116463698107,28.005419488732624,20.99615389460492
2151,0.025300040233692134,0.0017709760016371716,0.45097605148863085,507.16798646032964,15.901112486954714,9.95446706442021,0.0,28.206231818956645,20.996071299363805
