evolution$generation,growthRate,gravityWeight,gravityGamma,gravityDecay,nwThreshold,nwExponent,nwGmax,logmsepop,logmsedist
1901,0.09736492273968625,0.006978858084847777,0.1,934.2834767076233,3.0405172020817193,9.64233392780371,0.10526430694308371,28.0338354884258,20.99622164715457
1901,0.09162287376536692,0.007198243553989571,0.1,948.2314709952806,3.077787997589182,8.75384573443949,0.06818339691439809,28.056391028928026,20.996178268749023
1901,0.026585756906039867,0.0016992587612112294,0.4677488740154353,498.5522577677335,16.345489442930184,10.0,0.0012582456664088253,28.21092228239183,20.99607311451841
1901,0.09546933976135569,0.007072709248049545,0.1,952.3272400273913,2.9491601757302477,10.0,0.0912630642701841,28.042461620645987,20.996209340287773
1901,0.09083358683083044,0.0075744210660889846,0.1,891.2405242222419,3.0835736114424273,10.0,0.0559976078602101,28.1116377625401,20.996156916624635
1901,0.025011070859554514,0.0016766258578990308,0.46109960899383584,495.85659535917046,17.31443375756337,10.0,0.0,28.211712595703688,20.996071299363805
