evolution$generation,growthRate,gravityWeight,gravityGamma,gravityDecay,nwThreshold,nwExponent,nwGmax,logmsepop,logmsedist
929,0.032004245063826445,0.010610220052724975,0.1,936.0967925356305,6.27994160182899,3.26706617214308,0.01937818718084802,24.99212943916446,21.96770133927315
929,0.08267286930721797,0.008527023169380027,0.14259280555732415,857.8088717719024,6.768471329802103,3.336256883515969,0.0,25.15207242978373,21.967654546211214
929,0.0775514705671557,0.00830563476806255,0.16273241954404097,861.5157647898022,5.460432498382286,3.629233742228741,6.750358510292493E-4,25.089049401345328,21.967655705279544
929,0.08269661581446157,0.008532202493584965,0.14264032367954865,857.865378440106,6.769629249091685,3.3366497588512165,1.487230496721188E-5,25.149730241791147,21.967654569639578
929,0.08145274043500247,0.010548661694815173,0.1,866.2396759130355,6.611148253547522,3.2704432682336098,0.019821210179407384,25.00537844279209,21.967701241218748
929,0.0729979867863559,0.010435083717497403,0.10001993303961866,800.3412432552893,6.15549864327729,3.809201244509671,0.007320665602121765,25.020466261148915,21.967668845311042
929,0.07306474355817799,0.010508988671119239,0.1,786.7817725955564,6.157563617225328,3.831920203692512,0.006890173033981763,25.023485244172605,21.967668171441996
