evolution$generation,growthRate,gravityWeight,gravityGamma,gravityDecay,nwThreshold,nwExponent,nwGmax,logmsepop,logmsedist
1130,0.010819010972308678,0.005932981183768493,0.2886786148164793,982.7047467311179,18.27453063579362,4.726289789655921,4.7732875417473634E-4,24.59033149494806,22.767461168073595
1130,0.0,0.006077710188351904,0.27036579202748756,969.9506611373653,18.299409808175227,4.27903196897711,0.0,24.66787475204889,22.767460508058367
